Date,Close,pred_no_sent,pred_with_sent
2023-01-12,115.57634735107422,120.01375061412462,256.37320271956423
2023-01-13,115.02677154541016,118.688482788908,252.25631577004307
2023-01-16,114.93684387207031,114.94949386173991,240.22881930051534
2023-01-17,113.8726577758789,113.82213398559878,236.25487478536306
2023-01-18,114.8419189453125,113.53784370672967,232.5536906934052
2023-01-19,114.84690856933594,113.17613289208711,228.7444800083971
2023-01-20,114.45720672607422,112.15028230647273,224.77210468551755
2023-01-23,114.06751251220703,110.01771398601963,213.514682640187
2023-01-24,120.94723510742188,109.62062294931262,209.8940851506629
2023-01-25,120.20780181884766,110.16310564038903,206.56776953367128
2023-01-27,106.443359375,110.54584543418743,199.65518707282385
2023-01-30,105.72390747070312,111.16174926283946,189.8292383324306
2023-01-31,108.5517349243164,111.64853445700328,186.69905721394954
2023-02-01,105.17433166503906,113.05722869487158,183.84679826927217
2023-02-02,102.19161224365234,114.37936387299398,180.9320852147951
2023-02-03,109.92568969726562,114.96318485429794,177.89921311336212
2023-02-06,112.76850891113281,117.26409288621115,169.4384940453716
2023-02-07,114.20240783691406,118.14127247989902,166.7329125460662
2023-02-08,113.6628189086914,119.87629998258802,164.27194734104404
2023-02-09,113.60785675048828,121.43353819467988,161.73954925535813
2023-02-10,118.16436767578125,122.14701013468985,159.08376677082555
2023-02-13,121.41187286376953,124.42360246559566,151.61505556772872
2023-02-14,118.68895721435547,125.18431067690314,149.20038415335932
2023-02-15,122.7308578491211,126.78976073648877,146.99514998114802
2023-02-16,127.3772964477539,128.18632730768994,144.70903019442363
2023-02-17,132.3385009765625,128.04736696084203,145.46636436205566
2023-02-20,129.62057495117188,127.79319454974575,147.99154615181527
2023-02-21,138.06410217285156,127.7496693730689,148.83840580450402
2023-02-22,133.51260375976562,128.58051651919425,149.86973410358772
2023-02-23,137.4895477294922,129.23287689780275,150.79024538541287
2023-02-24,133.59254455566406,129.04927281593766,151.5432453180779
2023-02-27,135.38116455078125,128.92795198702476,154.02856357828114
2023-02-28,139.20822143554688,129.01213673886087,154.8516227701606
2023-03-01,140.85696411132812,129.99894102618853,155.86714277952177
2023-03-02,140.7120819091797,130.8383004225962,156.76335785872044
2023-03-03,139.74781799316406,130.8714036688646,157.4821026220856
2023-03-06,140.8719482421875,131.4581815556668,159.89834040168074
2023-03-08,141.17172241210938,132.96420498634052,161.73872968953813
2023-03-09,141.38156127929688,133.9879515507362,162.65204170213298
2023-03-10,142.22592163085938,134.1831859722776,163.39235135369626
2023-03-13,140.64212036132812,135.03322163278145,165.99410531094492
2023-03-14,138.3289031982422,135.35105246815775,166.91036203739893
2023-03-15,137.9142303466797,136.4985812847186,168.07443235883812
2023-03-16,136.96994018554688,137.43726637070642,169.14164699461594
2023-03-17,139.41307067871094,137.51552383004906,170.0502535989434
2023-03-20,132.91305541992188,137.82122969167293,173.3185169959601
2023-03-21,131.79888916015625,137.91195253510568,174.50435386447916
2023-03-22,131.22434997558594,138.81355304559835,175.9710730932518
2023-03-23,133.59254455566406,139.5461681420151,175.66291583170656
2023-03-24,129.93533325195312,139.42771236708091,175.20432932878072
2023-03-27,132.40345764160156,139.22231030102918,174.43992404695388
2023-03-28,133.00299072265625,139.1886458836539,174.28599593291977
2023-03-29,134.8965301513672,139.99137264477466,174.4033095685485
2023-03-31,133.1328887939453,140.4332302778203,174.29083254113672
2023-04-03,135.70590209960938,140.24147240476162,174.3867718547383
2023-04-05,137.3446502685547,141.1687885847472,174.8095679014985
2023-04-06,141.98609924316406,141.90643332556917,175.024155480406
2023-04-10,143.2751007080078,142.07310595270184,175.47232278259844
2023-04-11,141.75628662109375,142.22624805680803,175.60991696959695
2023-04-12,144.9588165283203,143.2095803630792,175.95597668919237
2023-04-13,143.62484741210938,144.0106765079507,176.15771649695085
2023-04-17,144.3942413330078,144.04744946801233,176.29545376874032
2023-04-18,144.1894073486328,144.04664696671082,176.29497886522813
2023-04-19,143.12020874023438,144.81836279598477,176.4782337638934
2023-04-20,139.8677215576172,145.35687118705414,176.5011609324356
2023-04-21,140.39732360839844,145.02964060083363,176.30383310877136
2023-04-24,141.50146484375,143.89361500949698,175.78910663397167
2023-04-25,137.92420959472656,143.42402993795727,175.55045816408162
2023-04-26,136.44033813476562,143.69764340250467,175.48558676381913
2023-04-27,138.7285919189453,143.72322430260408,175.25937078797924
2023-04-28,138.3988494873047,142.88089498935187,174.81521285769054
2023-05-02,139.67286682128906,139.31825292852378,173.0944738910289
2023-05-03,142.69056701660156,140.41640750174034,173.22938065314312
2023-05-04,142.32083129882812,141.3074753754112,173.21645707851192
2023-05-05,146.83238220214844,141.36026152463077,173.0006060739498
2023-05-08,147.12216186523438,141.65951801298135,172.52169732997427
2023-05-09,147.81661987304688,141.81094233270113,172.34036173237058
2023-05-10,147.67672729492188,142.84185894893565,172.35664686765915
2023-05-11,146.80740356445312,143.72425698340098,172.2462110369585
2023-05-12,147.62677001953125,143.79217210567765,171.95530951629564
2023-05-15,146.2228546142578,144.54334666801,171.3900571163102
2023-05-16,144.0994873046875,144.9663736215371,171.22807734559916
2023-05-17,145.213623046875,146.3642211330354,171.28719527658947
2023-05-18,144.6090850830078,147.64630386449815,171.24370877152643
2023-05-19,145.0037841796875,148.10385250332476,171.04328118760594
2023-05-22,144.9388427734375,150.15999687808105,170.87294787796407
2023-05-23,146.5126190185547,151.03172061506743,170.87784707017403
2023-05-24,149.0306854248047,152.91446910318814,171.11681500218245
2023-05-25,149.77011108398438,154.65375965865826,171.26434928688343
2023-05-26,155.91041564941406,155.49804547996905,171.26314756388396
2023-05-29,159.57760620117188,158.5078691896725,171.70048641321736
2023-05-30,166.5272674560547,159.60969355518858,171.89926922829696
2023-05-31,164.55377197265625,161.71701271662803,172.3208497223637
2023-06-01,165.9727020263672,163.6181723165067,172.63711533635927
2023-06-02,164.7086639404297,164.5262304138977,172.78742555057136
2023-06-05,164.1990509033203,167.43507243305666,173.54026704391703
2023-06-06,163.66445922851562,166.49866220723635,174.97604114170767
2023-06-07,163.04994201660156,166.55400817280258,176.61066735286565
2023-06-08,163.86431884765625,166.34866405424697,178.1132768921658
2023-06-09,164.668701171875,165.11232846964324,179.4185333782232
2023-06-12,165.9027557373047,161.56220960483748,183.4706439155046
2023-06-13,167.66639709472656,160.4040467991261,184.76603216682446
2023-06-14,164.5238037109375,160.21960671189794,186.24093123993367
2023-06-15,163.98422241210938,159.8080013953477,187.5530493484564
2023-06-16,164.21905517578125,158.43310892312616,188.63817346915454
2023-06-19,163.5045928955078,154.68957128523286,191.95709788144606
2023-06-20,160.4369354248047,153.55333596575383,192.99762964238255
2023-06-21,159.21786499023438,153.40124274526872,194.23106987375684
2023-06-22,159.2078857421875,153.07797884451324,195.30685774542164
2023-06-23,156.67483520507812,151.87535630418947,196.16438472517845
2023-06-26,155.9853515625,148.90401206267666,198.97099119677347
2023-06-27,160.7017364501953,148.101296146161,199.91136660800333
2023-06-28,159.7374725341797,148.27768266789502,201.09628436594093
2023-06-30,157.75399780273438,147.53532344027013,203.05425016012677
2023-07-03,155.49073791503906,145.8710012574577,206.2707736553371
2023-07-04,153.6521453857422,145.49645239712422,207.44581168220532
2023-07-05,154.446533203125,146.0485822400093,208.91946911187634
2023-07-06,156.55491638183594,146.44911876770703,210.3118107164123
2023-07-07,157.36929321289062,146.03294131730442,211.55466098852176
2023-07-10,154.01686096191406,150.70469646705595,209.7133135264249
2023-07-11,154.6164093017578,152.3650369764468,209.21007217221128
2023-07-12,156.7347869873047,154.92044186831492,208.98988585861036
2023-07-13,157.89889526367188,157.28534518012307,208.66429837593708
2023-07-14,157.39927673339844,158.75240454594197,208.1618950402621
2023-07-17,157.29933166503906,163.13662005944457,207.07728363259497
2023-07-18,154.9611358642578,164.50762622189785,206.7250634428467
2023-07-19,153.42730712890625,166.70620263687192,206.58991125414002
2023-07-20,151.34890747070312,168.59812892838417,206.29284513223445
2023-07-21,147.52684020996094,169.445919744857,205.76281904681724
2023-07-24,147.90155029296875,171.3421966223607,204.20681267362633
2023-07-25,146.14291381835938,171.68529425573672,203.577200860588
2023-07-26,145.77818298339844,172.8042670603285,203.10259303943118
2023-07-27,146.80740356445312,173.52804717940433,202.42147956636367
2023-07-28,151.5487518310547,173.1011002145135,201.47089726189813
2023-07-31,150.18978881835938,170.90211786204583,198.45207417172503
2023-08-01,152.1682891845703,169.83991226900451,197.29674112862355
2023-08-02,151.1640625,169.59876734796265,196.28310255008256
2023-08-03,152.4380645751953,168.97987594745612,195.0702478432361
2023-08-04,156.1702117919922,167.21742112306924,193.60535378050386
2023-08-07,161.01148986816406,161.47634303832186,189.17024848700763
2023-08-08,165.14833068847656,159.44646707559073,187.6100084048308
2023-08-09,166.96693420410156,158.4082059389697,186.22631114973763
2023-08-10,166.9969024658203,157.1308767913141,184.69480233228754
2023-08-11,162.3354949951172,155.52995290358353,185.32107737598642
2023-08-14,160.6267852783203,151.17403863296852,187.36446402874023
2023-08-16,160.386962890625,149.9039544690756,188.92946724604096
2023-08-17,161.70596313476562,149.79836625110056,189.70759943182347
2023-08-18,162.73516845703125,148.76346787176757,190.3134595598619
2023-08-21,161.16139221191406,147.15200365406542,192.5803739035082
2023-08-22,162.4653778076172,147.12165063831816,193.40726893793894
2023-08-23,163.44464111328125,148.50351935311085,194.49833028795678
2023-08-24,164.6287384033203,149.8858369630564,195.49710811737395
2023-08-25,171.64834594726562,150.34341471900115,196.33789022190703
2023-08-28,178.87278747558594,153.42724264216062,199.41374310798915
2023-08-29,195.3201904296875,154.9458136768309,200.52328439530228
2023-08-30,189.66452026367188,157.89477892286928,201.9058355636194
2023-08-31,183.11953735351562,160.75172427635943,203.1834807411956
2023-09-01,199.54196166992188,162.5144680260996,204.28345150366587
2023-09-04,189.96429443359375,168.74645867498373,208.0555197154054
2023-09-05,181.8605194091797,171.006526912335,209.35693417115232
2023-09-06,179.15257263183594,174.59544350570857,210.9189079663999
2023-09-07,179.8720245361328,177.8998721217821,212.34563480651173
2023-09-08,180.4466094970703,179.8624860086761,213.56099121442884
2023-09-11,181.98040771484375,185.69786333620146,217.5506943686734
2023-09-12,178.62298583984375,187.52490162914543,218.88042018752603
2023-09-13,176.81936645507812,190.6241188840722,220.46151533365642
2023-09-14,178.6529541015625,191.7239399130369,220.47768378556628
2023-09-15,182.08534240722656,191.32767287553952,220.25856182557064
2023-09-18,181.2959442138672,189.8429252265328,219.88355578651834
2023-09-20,181.0111541748047,189.9204182176819,219.84582484784167
2023-09-21,177.61875915527344,190.24645209154102,219.7860473145379
2023-09-22,177.31900024414062,189.17022503016375,219.4913883959768
2023-09-25,177.04420471191406,186.27437810134987,218.9029256753578
2023-09-26,176.93429565429688,185.42727789527308,218.69946551645117
2023-09-27,178.20330810546875,185.9964843555874,218.74795068820904
2023-09-28,177.7036895751953,186.32465105582082,218.64109747412397
2023-09-29,177.473876953125,185.37601918071235,218.309231969434
2023-10-03,177.60379028320312,183.1051747698222,217.4794354077771
2023-10-04,172.2029266357422,184.20760247547068,217.55100417491596
2023-10-05,177.2890167236328,185.10994761346723,217.48322618002308
2023-10-06,180.86627197265625,184.7671430873591,217.2077008667745
2023-10-09,187.43124389648438,184.64081158559117,216.84833726205585
2023-10-10,189.02500915527344,184.81646663214406,216.78536188850975
2023-10-11,193.45162963867188,186.39361312921469,217.00738904924526
2023-10-12,197.4835205078125,187.71227943953934,217.11111804002772
2023-10-13,196.50428771972656,187.72726930790915,217.0283082412093
2023-10-16,194.04116821289062,188.22375106267424,217.36271888226563
2023-10-17,195.24525451660156,188.45611525368972,217.56591559551265
2023-10-18,198.74755859375,190.0103759959471,218.0676511907205
2023-10-19,199.8866729736328,191.2445569336065,218.46345971142532
2023-10-20,210.35365295410156,192.0555746495507,218.98989981137996
2023-10-23,204.25833129882812,194.709779089436,221.1773046564729
2023-10-25,190.51388549804688,197.88390594908898,223.10082129621435
2023-10-26,185.85243225097656,199.84004527544008,224.0875566561996
2023-10-27,199.42703247070312,200.4336721352319,224.87722005041346
2023-10-30,198.7025909423828,202.6233599073787,227.68991964566115
2023-10-31,196.87399291992188,203.46262762329064,228.64495132144813
2023-11-01,196.1145782470703,205.73309308543298,229.8508643420327
2023-11-02,195.56500244140625,207.73604199642236,230.8915545433433
2023-11-03,198.9074249267578,208.38563615909604,231.68760429215956
2023-11-06,199.6318817138672,210.97358778742364,234.23644596379265
2023-11-07,198.7625274658203,211.9966965753595,235.01035907038585
2023-11-08,201.4504852294922,214.49557326592506,235.99362065679188
2023-11-09,204.61305236816406,216.71707851835282,236.77107865168594
2023-11-10,202.50965881347656,217.53666845575614,237.2674160375758
2023-11-13,210.9981689453125,220.45536318299503,238.76827454923227
2023-11-15,222.4393768310547,223.98481117187202,239.77506747777952
2023-11-16,225.9716796875,226.1235407556776,240.1858079495336
2023-11-17,225.56199645996094,226.75627447105649,240.3314418563441
2023-11-20,233.47091674804688,228.7227052095764,240.97427119514234
2023-11-21,239.11158752441406,229.32979228338,241.1775404472001
2023-11-22,238.56201171875,231.37971536001496,241.65131650675204
2023-11-23,240.33566284179688,233.03986239216647,241.9898976859938
2023-11-24,237.9724578857422,233.14286478727647,242.1308547855386
2023-11-28,238.7968292236328,228.44209996420847,242.61756858294513
2023-11-29,232.32679748535156,228.82334951490648,243.1870855893396
2023-11-30,238.2622528076172,228.89928307481276,243.68972079979585
2023-12-01,234.77493286132812,227.5434841912171,244.05833348213466
2023-12-04,230.4882049560547,224.42764417157323,246.12295621284815
2023-12-05,232.56163024902344,223.71309785683627,247.02263522712906
2023-12-06,229.19920349121094,224.6239994024844,248.28361605291386
2023-12-07,224.09310913085938,225.36574415790778,249.48459727290083
2023-12-08,226.9908905029297,224.82271675481638,250.54636367254446
2023-12-11,228.70956420898438,224.71692669900222,254.5325033373502
2023-12-12,232.88636779785156,225.13180755513537,255.97971223433154
2023-12-13,232.0969696044922,227.17020662127973,257.722288094004
2023-12-14,244.5823974609375,229.0426562202335,259.3293320546133
2023-12-15,242.95864868164062,229.6256679036641,260.7125435418612
2023-12-18,238.12234497070312,232.42377137230426,265.07973845698
2023-12-19,241.70960998535156,233.55847768931142,266.4426884942525
2023-12-20,236.49859619140625,236.12584036409626,267.9903878726494
2023-12-21,249.70846557617188,238.34732483891818,269.29231338036766
2023-12-22,245.15696716308594,239.10195226828333,270.26165130762735
2023-12-26,244.9371337890625,241.46909073039123,273.3268460469581
2023-12-27,240.9801483154297,243.04576475882828,273.98878234450524
2023-12-28,239.90597534179688,244.06566181115207,274.33503516984354
2023-12-29,237.17807006835938,243.44233558132302,274.2893348940646
2024-01-01,238.27723693847656,242.39119581125482,279.4277226786324
2024-01-02,228.91941833496094,241.52162497393007,280.8044404028053
2024-01-03,227.4655303955078,241.7447551783808,282.28010296598495
2024-01-04,226.40635681152344,241.3694746653906,283.43111907004925
2024-01-05,222.61924743652344,239.33757196557517,284.18244903582047
2024-01-08,215.39979553222656,232.15710427378775,285.891329436004
2024-01-09,215.17996215820312,229.43680261526214,286.19148428054865
2024-01-10,217.08349609375,227.96138300749615,286.6516892881115
2024-01-11,217.16343688964844,226.06528724622734,286.83583739729255
2024-01-12,215.9593505859375,222.71343985518456,286.6720508139459
2024-01-15,207.9405059814453,212.97962100838114,286.08050563119997
2024-01-16,206.87132263183594,209.9160221241351,285.7678902513935
2024-01-17,211.5577392578125,208.3606374736247,285.7076812954456
2024-01-18,209.7841033935547,206.64186078086965,285.4435503143821
2024-01-19,209.58424377441406,203.7147143635398,284.8991327141518
2024-01-23,206.3717041015625,194.79629920760215,283.2350715366573
2024-01-24,208.335205078125,194.64594374170994,283.16460037624097
2024-01-25,206.01197814941406,194.4501590745723,282.94030906714505
2024-01-29,199.38206481933594,191.0653710621947,281.7339920423694
2024-01-30,197.36862182617188,190.90979267208075,281.579875651832
2024-01-31,192.92701721191406,192.35371979040843,281.7921162058818
2024-02-01,192.6822052001953,193.66632444727557,281.864033452873
2024-02-02,198.6226348876953,193.7471265620913,281.70231735873244
2024-02-05,193.0319366455078,195.0764937437776,281.9360761559177
2024-02-06,196.2694549560547,194.24177370678316,280.9060259076909
2024-02-07,205.882080078125,194.81855741929056,280.2608670913617
2024-02-08,199.31712341308594,195.08142528311922,279.47259188881253
2024-02-09,199.9666290283203,193.9738437971486,278.4452145933396
2024-02-12,183.92393493652344,190.87846522347328,276.07745783265756
2024-02-13,186.5319366455078,189.8399478831144,275.37503799250374
2024-02-14,177.0042266845703,190.062451019116,275.0394399970343
2024-02-15,184.04383850097656,189.93065687269694,274.5374867430415
2024-02-16,186.98158264160156,188.4646809676146,273.7719227327595
2024-02-19,187.99578857421875,184.24218819685268,272.0593297413672
2024-02-20,190.90855407714844,182.86758545807464,271.5311694721312
2024-02-21,187.7160186767578,182.72416508582057,271.35132966613855
2024-02-22,188.2506103515625,182.29550901772487,270.9829890247546
2024-02-23,184.39356994628906,180.66476218161628,270.3291745122678
2024-02-26,183.0346221923828,176.30936561769062,268.8536004963754
2024-02-27,183.6491241455078,175.00936017930968,268.3766261288395
2024-02-28,180.9462127685547,174.92069854507525,268.24052924780085
2024-02-29,181.4957733154297,174.60895072527853,267.9066054815894
2024-03-01,183.1695098876953,173.20463054009358,267.2799001187248
2024-03-04,177.24903869628906,169.62475243140548,265.89096933879165
2024-03-05,177.1391143798828,168.58152261642886,265.45430043736684
2024-03-06,167.89620971679688,168.65953129506528,265.3725600856633
2024-03-07,164.33395385742188,168.5042379946424,265.10589455218246
2024-03-11,159.89236450195312,164.0005452639796,263.56051369833517
2024-03-12,156.43499755859375,164.58115551194652,261.2092627173219
2024-03-13,148.86082458496094,166.18731465537965,259.2487049274939
2024-03-14,150.47457885742188,167.54804216339863,257.1395562103586
2024-03-15,166.12757873535156,167.86178630086772,254.7959759939252
2024-03-18,169.2152099609375,168.91532866676155,248.60352322620824
2024-03-19,173.3170623779297,169.25580218069408,246.6823433727271
2024-03-20,169.48500061035156,170.59513403620844,245.15305098975068
2024-03-21,166.12757873535156,171.67203097696503,243.49930292261092
2024-03-22,164.5687713623047,171.6944758802188,241.63632432346648
2024-03-26,158.27859497070312,172.005731941908,235.44460429032713
2024-03-27,158.8081817626953,173.1324684441794,234.36519046435194
2024-03-28,166.07261657714844,174.03335064123362,233.15681920589486
2024-04-01,179.11260986328125,173.9944205796804,228.14145164211658
2024-04-02,179.8820343017578,174.1326600045807,227.01958131292707
2024-04-03,182.66488647460938,175.3368921451003,226.21190368830347
2024-04-04,185.3128662109375,176.3496090113418,225.247780096423
2024-04-05,180.40162658691406,176.37882659525164,224.04573782840873
2024-04-08,179.65719604492188,176.96474607351,220.8461297713408
2024-04-09,181.26095581054688,177.27471758021144,219.7735172682552
2024-04-10,180.06689453125,178.63418846125086,218.95865648287
2024-04-12,183.6591339111328,179.90579614896257,216.69638663684563
2024-04-15,182.86474609375,180.50788718156505,213.09035635266906
2024-04-16,181.8804931640625,180.70918101738627,211.82130985774245
2024-04-18,188.91510009765625,186.90810272984262,214.88516108943526
2024-04-19,190.89358520507812,188.78126386087578,216.06652667072422
2024-04-22,193.22178649902344,194.21418365760442,219.74974386254175
2024-04-23,202.59461975097656,195.89924406208073,220.90647238841728
2024-04-24,200.30636596679688,198.60202434545258,222.2887524615536
2024-04-25,199.93663024902344,200.97199122135112,223.4723650600165
2024-04-26,195.68490600585938,202.12141721569526,224.38021719525312
2024-04-29,200.566162109375,205.24294693447013,227.2141569132758
2024-04-30,210.71337890625,206.14957917875194,228.0841641084478
2024-05-02,222.69918823242188,209.8689860256578,230.09602124529812
2024-05-03,215.19993591308594,210.31178292915362,230.72985380764644
2024-05-06,212.60693359375,211.7136701370966,232.82506295562592
2024-05-07,203.41897583007812,212.21191226994515,233.48266285974748
2024-05-08,203.93858337402344,213.99691053035838,234.4023663625116
2024-05-09,196.51925659179688,215.5425764168947,235.14444515528962
2024-05-10,206.19683837890625,215.85529929515508,235.63314033456942
2024-05-13,210.0638885498047,217.50629997030623,237.47535055020808
2024-05-14,210.82330322265625,218.2880694976282,238.11177974679217
2024-05-15,211.21299743652344,220.5245204554237,239.0500103738689
2024-05-16,212.45704650878906,222.58376450537506,239.8404690120678
2024-05-17,211.90248107910156,223.40085048229042,240.4055945824845
2024-05-21,234.56008911132812,228.3396949135862,243.52127177572095
2024-05-22,237.82757568359375,231.33280680569777,244.69617298400976
2024-05-23,250.03822326660156,234.1227361719672,245.74226593452795
2024-05-24,259.9505920410156,236.5422558236928,248.01390415968805
2024-05-27,257.6023864746094,244.60421448659392,255.5073424603577
2024-05-28,256.30841064453125,247.47371699245176,258.10360749764016
2024-05-29,258.0420837402344,251.9289063071571,261.05080180254623
2024-05-30,253.43560791015625,256.0911495974713,263.8563923999599
2024-05-31,258.8164978027344,258.7152476176488,266.42328133979663
2024-06-03,273.21044921875,266.9423033779045,274.6908089569731
2024-06-04,246.46595764160156,269.71636821823927,277.480765382474
2024-06-05,257.98211669921875,274.1260147503634,280.5990860708064
2024-06-06,254.519775390625,278.1505027448303,283.51950793944803
2024-06-07,281.1343688964844,280.45919338497885,286.13624558031665
2024-06-10,289.4529724121094,287.53452591518686,294.26399068847593
2024-06-11,293.61480712890625,289.8908270536873,296.9013114307793
2024-06-12,291.94610595703125,294.00563726208986,299.8342572222585
2024-06-13,297.80157470703125,297.7227732448819,302.510173965741
2024-06-14,294.119384765625,299.63121152979846,304.8223633787706
2024-06-18,300.4794921875,308.0431899321627,314.0882654550484
2024-06-19,318.0010681152344,312.21838328593816,316.62613743936714
2024-06-20,324.80584716796875,316.0628771257961,318.89884163756454
2024-06-21,320.40423583984375,318.0787508291482,320.80457057545846
2024-06-24,328.4081115722656,325.28455858854517,326.8240472735956
2024-06-25,327.0291748046875,328.0552791506685,328.8085345145404
2024-06-26,336.7567138671875,333.0214616544934,331.17941880912826
2024-06-27,344.5157470703125,337.7331015424862,333.3423387857366
2024-06-28,355.19757080078125,339.4542524481808,334.95563883351184
2024-07-01,390.4855041503906,346.26886784367343,340.6110261214808
2024-07-02,386.0938720703125,349.01861229090144,342.64198116713743
2024-07-03,376.7310485839844,354.06686869696597,345.15759302472316
2024-07-04,369.6065368652344,358.8337023352651,347.5321854847602
2024-07-05,368.5123596191406,361.6534405960046,349.6549665194978
2024-07-08,370.3609313964844,371.4852965739386,357.2012595665418
2024-07-09,399.68341064453125,375.07323289938114,359.9402695753192
2024-07-10,396.5957946777344,380.910671333809,363.1979802702096
2024-07-11,393.59808349609375,386.3065894172864,366.3083205947381
2024-07-12,376.3113708496094,389.51802760166055,369.1412535916569
2024-07-15,364.3705139160156,399.3649393828232,378.62504015849214
2024-07-16,363.47119140625,402.5130035657214,381.8905968043414
2024-07-18,356.67645263671875,412.2479203594328,389.0774534126223
2024-07-19,350.0315246582031,414.2397470375131,392.1500896765832
2024-07-22,370.01617431640625,418.87202196228344,401.6806040460867
2024-07-23,370.4158935546875,419.7784735713813,404.7165093032856
2024-07-24,400.3429260253906,422.6001507537307,408.09786762549743
2024-07-25,449.2054443359375,424.4759931206771,411.0969515552583
2024-07-26,441.26153564453125,423.56675870016454,413.5692571281889
2024-07-29,461.5959777832031,418.6397049117097,420.6997974293318
2024-07-30,443.01019287109375,416.1850508505948,422.76533678227224
2024-07-31,444.1593322753906,415.69418294287885,425.129668766897
2024-08-01,434.3668518066406,422.99876616560806,428.5156459449479
2024-08-02,434.0670471191406,427.25457209847525,431.32308201085186
2024-08-05,410.13543701171875,437.0373924826505,439.4199118642938
2024-08-06,427.9217834472656,439.341920263677,441.8380310135381
2024-08-07,426.4229431152344,444.02684331022783,444.62238783141754
2024-08-08,424.62432861328125,447.78905134302573,447.0059589819958
2024-08-09,430.1200866699219,448.3748681001683,448.85683960115324
2024-08-12,441.81109619140625,449.67564620251284,454.66234115856906
2024-08-13,432.66815185546875,450.15745688454416,456.5287495528049
2024-08-14,435.8157043457031,454.01380057823593,458.9053210479304
2024-08-16,489.724365234375,457.8873325390041,462.62575282455964
2024-08-19,519.4515380859375,462.6061768593317,468.5397150676678
2024-08-20,531.3424072265625,465.45174463872763,470.65821701160934
2024-08-21,525.4969482421875,472.65365173823056,473.4092013259153
2024-08-22,555.1242065429688,479.83899459559416,475.93034991542606
2024-08-23,557.7222290039062,484.0542534502349,478.0640614858468
2024-08-26,520.7506103515625,502.19254886737366,485.8108774777184
2024-08-27,504.81280517578125,509.9267078897434,488.6054497485943
2024-08-28,507.5107116699219,522.4990622654618,492.07151415661497
2024-08-29,489.62445068359375,534.9195120651303,495.29060491989634
2024-08-30,524.74755859375,543.8130682644319,498.0861411633648
2024-09-02,513.4561767578125,574.4847509431764,507.6870294491358
2024-09-03,541.2848510742188,585.6288655258451,511.01736409668183
2024-09-04,567.01513671875,601.5428657869786,514.9953854722315
2024-09-05,590.6469116210938,607.8670089597784,518.0456806134123
2024-09-06,601.388671875,609.589859342385,520.5905519739533
2024-09-09,613.4295043945312,614.8404477608989,529.118612060893
2024-09-10,617.4763793945312,616.2441974759957,531.9761693183794
2024-09-11,609.7322998046875,621.8191450785944,535.4504622604871
2024-09-12,614.3287963867188,625.9878280583862,538.5413575048447
2024-09-13,613.9291381835938,625.2554735250882,541.0615558441533
2024-09-16,614.2288818359375,621.9459219927605,549.323759600962
2024-09-17,620.7738037109375,620.3692981103229,552.0365438866356
2024-09-18,638.9099731445312,623.00046682151,555.3692008960062
2024-09-19,616.0774536132812,624.3719747461768,558.2904463881757
2024-09-20,613.02978515625,621.0784550550052,560.6114932462776
2024-09-23,611.7303466796875,611.8371051989973,568.2940365115472
2024-09-24,633.7206420898438,608.996899723323,570.8235394653884
2024-09-25,674.4526977539062,610.7290824526549,574.0066149377462
2024-09-26,673.453125,611.6109844176964,576.7792499713418
2024-09-27,663.9073486328125,608.2572570758633,578.9496897767705
2024-09-30,642.816650390625,601.0294766818099,586.3516011361229
2024-10-01,631.771484375,599.4872294953922,588.8461433150828
2024-10-03,612.679931640625,605.3228808114948,594.8718474101918
2024-10-04,609.581298828125,603.8518218185459,597.1119049369573
2024-10-07,538.4127197265625,602.5633904755404,605.0422553788659
2024-10-08,609.9811401367188,602.9242776929774,607.8214799093835
2024-10-09,619.027099609375,607.9220092035393,611.3937567591169
2024-10-10,614.5291137695312,611.3296509856222,610.2936458548024
2024-10-11,610.78076171875,610.5119561102207,608.6582812964314
2024-10-14,619.027099609375,609.7834044467817,605.3309676105954
2024-10-15,614.229248046875,609.8273806197533,604.4611729977889
2024-10-16,591.0394897460938,614.188288518748,604.4142152407934
2024-10-17,593.2884521484375,617.5187593077939,604.0656119614765
2024-10-18,615.8285522460938,616.481146653956,603.2230285242998
2024-10-21,586.6414184570312,614.0714181687301,602.348995484778
2024-10-22,571.6480712890625,613.3281760764764,602.2930701039152
2024-10-23,585.5418701171875,616.7797200104594,603.026057176336
2024-10-24,591.839111328125,619.2020506722918,603.4316031712135
2024-10-25,565.7506103515625,617.3471889228726,603.3083213579376
2024-10-28,579.2946166992188,612.8915048702551,604.173517776289
2024-10-29,585.5918579101562,611.6827967892192,604.5243881956147
2024-10-30,599.6856689453125,614.7334997784095,605.547907523468
2024-10-31,636.7193603515625,616.9124970219192,606.1400607781715
2024-11-01,640.8675537109375,615.0261110337208,606.096615688776
2024-11-04,625.3243408203125,611.2076267094335,606.442324038027
2024-11-05,631.4216918945312,610.3978809440353,606.3729956597259
2024-11-06,668.0055541992188,613.8302006764416,606.8465278779381
2024-11-07,668.5053100585938,616.4304747402965,606.7871460582081
2024-11-08,689.3961181640625,615.0281162334941,606.0044424444608
2024-11-11,646.26513671875,612.2785563631365,603.6583395616818
2024-11-12,648.9639282226562,620.099238361265,605.968203667942
2024-11-13,629.2725830078125,632.076271951968,608.8048948032148
2024-11-14,628.4729614257812,643.1646705820158,611.1255344831883
2024-11-18,624.02490234375,670.934832397846,618.0050377677392
2024-11-19,675.6022338867188,677.7917401919017,619.6664895222253
2024-11-21,682.8490600585938,698.9766571232543,623.9308221538477
2024-11-22,683.8485717773438,704.3273424342194,625.3257829373265
2024-11-25,682.2991943359375,720.4871334176524,630.9846746012105
2024-11-26,676.052001953125,725.8453569182504,633.1716865980312
2024-11-27,712.1361083984375,735.9577169058824,636.2332732231865
2024-11-28,700.0413818359375,745.0732143781835,639.1023122802595
2024-11-29,722.6814575195312,749.4440310191616,641.6044483560659
2024-12-02,747.8203735351562,764.8773608368161,651.6170042070738
2024-12-03,759.5151977539062,770.8799670466794,655.5324206634548
2024-12-04,772.45947265625,782.4548781455807,660.4343947120309
2024-12-05,776.1578979492188,793.4735097480225,665.2074582937107
2024-12-06,813.1416015625,799.9443487719237,669.6434228204168
2024-12-09,856.6224365234375,824.727297830804,685.3946326768324
2024-12-10,849.4755249023438,834.726037381034,691.084054509147
2024-12-11,848.0262451171875,850.953848209622,697.6472293364843
2024-12-12,856.022705078125,866.8056446307262,703.916107214724
2024-12-13,916.1461791992188,877.9481351262989,709.6485293766103
2024-12-16,999.7093505859375,916.7337950305844,727.911785640659
2024-12-17,984.0662231445312,930.997143055153,733.9016003202078
2024-12-18,942.3845825195312,943.1629494112207,741.7602025679182
2024-12-19,950.4310302734375,954.148954693239,749.0259618820103
2024-12-20,918.5451049804688,959.4090205098963,755.443385082215
2024-12-23,950.4310302734375,975.1780313566,773.991209150969
2024-12-24,966.22412109375,979.7454148052024,779.5005585911052
2024-12-26,962.1758422851562,996.7591229632515,790.3452801982922
2024-12-27,992.8123779296875,997.595369049723,794.2270465239858
2024-12-30,1007.9557495117188,995.1669966040631,804.0306147410797
2024-12-31,980.1679077148438,992.305380388302,806.3386169134421
2025-01-01,1023.2489624023438,993.9113530885404,808.9262115434232
2025-01-02,1013.1533813476562,993.0319551351835,810.5782994552285
2025-01-03,1016.2020874023438,985.3250113210532,811.0838676401116
2025-01-06,995.9609985351562,957.2477660763635,810.9898458032756
2025-01-07,979.3182983398438,946.3135158425181,810.1684728320215
2025-01-08,950.0812377929688,940.2919725609801,809.7787786008084
2025-01-09,921.793701171875,932.3909417350295,808.595008862174
2025-01-10,881.46142578125,918.4053660192192,806.4208876384938
2025-01-13,826.885498046875,876.7267405120236,799.5269870867417
2025-01-14,851.1248168945312,863.2315395873107,796.8797718746645
2025-01-15,849.4755249023438,855.6746726630474,794.9161782433869
2025-01-16,900.4530639648438,847.305246466248,792.377505788481
2025-01-17,861.1204223632812,833.9269591233245,789.0599199536573
2025-01-20,856.5724487304688,799.9472717105093,780.0917401278639
2025-01-21,805.5949096679688,790.7528450464987,777.1610068758174
2025-01-22,755.9168090820312,788.1870643669481,775.1226683959321
2025-01-23,771.8598022460938,785.4229277741716,772.6700155020084
2025-01-24,745.621337890625,778.1673660901511,769.5785925144125
2025-01-27,725.6301879882812,764.2511444686899,762.1176983812423
2025-01-28,642.8666381835938,761.8931430904213,759.9098465668172
2025-01-29,725.5802001953125,766.0115019595246,758.6974349877781
2025-01-30,720.132568359375,769.7019120019298,757.1247912882088
2025-01-31,782.1552124023438,768.5920751710429,754.9474541173214
2025-02-01,800.1472778320312,796.8073452260595,769.0192882526497
2025-02-03,784.1043701171875,770.2864645911243,750.4476539228796
2025-02-04,804.54541015625,771.9946441361826,749.2526825396915
2025-02-05,834.5321655273438,779.52568394968,749.0707515431759
2025-02-06,840.2796630859375,785.9967614518132,748.5033725401912
2025-02-07,863.219482421875,787.0606620086855,747.2924562440232
2025-02-10,815.6904296875,791.7296016424515,745.5373353652135
2025-02-11,804.4453735351562,793.3977622758011,745.1793038424985
2025-02-12,828.434814453125,800.4471189230355,745.8097232810496
2025-02-13,810.542724609375,806.0985581552645,745.9926532600886
2025-02-14,759.565185546875,806.10077424752,745.4614206465956
2025-02-17,782.655029296875,806.7369571628774,745.4463110965777
2025-02-18,742.1728515625,807.0270638014606,745.5565298905948
2025-02-19,806.6444091796875,812.7677840726116,746.6205759447705
2025-02-20,827.08544921875,817.2695141591518,747.1691330523374
2025-02-21,826.185791015625,816.3517455182453,745.8441500286712
2025-02-24,808.8934326171875,815.7512404238087,743.2206300273448
2025-02-25,814.5409545898438,816.1919757857567,742.388497989945
2025-02-27,794.499755859375,827.5183910927083,742.0534406829952
2025-02-28,794.4498291015625,827.5440250152776,740.7988843443818
2025-03-03,806.0946655273438,830.8511931115694,738.3451243676554
2025-03-04,840.7794189453125,832.8059028068691,737.5791411759122
2025-03-05,846.9266967773438,840.4636580651456,737.7836454697085
2025-03-06,870.46630859375,847.1332473731856,737.4621061876599
2025-03-07,876.66357421875,848.5981956376601,736.3554610387297
2025-03-10,898.6538696289062,855.3116251000934,734.6816352071812
2025-03-11,892.0568237304688,857.978216979162,734.3096440836661
2025-03-12,854.12353515625,866.0671208115084,734.9987247321583
2025-03-13,834.632080078125,872.9057557558838,735.2385853400388
2025-03-17,834.9319458007812,879.1987772660835,735.58303252512
2025-03-18,834.9319458007812,880.8036835275391,736.2239127085168
2025-03-19,892.7565307617188,887.624934384342,738.026009786093
2025-03-20,914.8467407226562,893.0605356294787,739.4550538430932
2025-03-21,945.7831420898438,892.9715540034696,740.243259374251
2025-03-24,944.5836181640625,893.293929130894,745.2174273623128
2025-03-25,883.360595703125,893.468808861977,747.3380940989379
2025-03-26,869.7666625976562,898.9521086587135,750.6584607204562
2025-03-27,926.6415405273438,903.2098057963644,753.6120635741177
2025-03-28,916.1961059570312,902.1532710083219,755.9143175167088
2025-04-01,901.2027587890625,897.3502569415089,759.6723612941851
2025-04-02,916.1961059570312,902.0170773093764,761.9871148722617
2025-04-03,936.4872436523438,905.6643569014711,763.8380275662396
2025-04-04,871.2659912109375,904.2319782848617,764.9365304395851
2025-04-07,812.6417846679688,902.5422981491777,769.9814601569957
2025-04-08,864.618896484375,902.6086032665495,771.7664647892241
2025-04-09,851.02490234375,908.0644995526129,774.5306158068362
2025-04-11,917.3956298828125,911.6914367822368,778.0090956546195
2025-04-15,955.5787963867188,910.7223188584281,784.3893779931757
2025-04-16,960.4266357421875,915.5942102047068,786.7410847597522
2025-04-17,948.0321044921875,919.08608554273,788.4052757297773
2025-04-21,934.2382202148438,910.9421671961068,791.6715957209306
2025-04-22,968.0233154296875,908.3839227213097,792.2511954156247
2025-04-23,955.6787109375,910.5345297001542,793.6274107157207
2025-04-24,926.6914672851562,911.1061972178105,794.2765357860122
2025-04-25,870.7661743164062,906.1738152398545,793.9338764666977
2025-04-28,884.41015625,890.3425372131734,793.2448426619442
2025-04-29,866.018310546875,884.6000296684874,792.7322632547383
2025-04-30,843.927978515625,883.6052437389513,793.0199242022725
2025-05-02,826.6356201171875,873.5723195561089,791.2402436959375
2025-05-05,821.387939453125,851.3440540426478,787.7382592022484
2025-05-06,794.349853515625,844.161028101227,786.4062338905986
2025-05-07,845.327392578125,842.0530122192046,785.9383440177415
2025-05-08,829.2344360351562,838.959541287528,784.3183303607957
2025-05-09,798.0982055664062,831.1118281919904,781.8398115300446
2025-05-12,881.0616455078125,810.6314836668181,775.5715324030025
2025-05-13,846.52685546875,804.7734316367205,773.5258082211202
2025-05-14,832.6329956054688,804.2519790306877,772.440295105592
2025-05-15,808.993408203125,803.0465203495315,770.8560664780874
2025-05-16,803.6957397460938,797.3962273512507,768.5338863676251
2025-05-19,787.1030883789062,784.491821878009,763.3456344553077
2025-05-20,821.8876953125,781.3222745448173,761.8526425937042
2025-05-21,792.250732421875,783.4243426042923,761.3911290292876
2025-05-22,755.766845703125,784.8070758377096,760.5132776283699
2025-05-23,774.058837890625,781.7130121950181,758.9723423944324
2025-05-26,771.2100219726562,775.4859571880188,756.3597588169821
2025-05-27,764.8628540039062,774.1051874701405,755.7590449839256
2025-05-28,779.556396484375,777.6748491829445,756.1672776165603
2025-05-29,770.1105346679688,780.2673263619465,756.14090065224
2025-05-30,771.110107421875,778.1658897253088,755.4202901254732
2025-06-02,789.9017944335938,773.2235458490239,754.8373589119947
2025-06-03,764.3131103515625,771.7414921404952,754.7267769369505
2025-06-04,759.21533203125,774.9123849289018,755.4984062623811
2025-06-05,778.0570678710938,776.9116149473762,755.719820092833
2025-06-06,772.2095947265625,774.1002218164257,755.1275982672321
2025-06-09,768.9110717773438,766.2547894046236,754.0908009507381
2025-06-10,762.9136962890625,763.6669454965728,753.5562921115221
2025-06-11,764.4630126953125,766.1949154328346,754.0501615214014
2025-06-12,757.3162231445312,767.5973957234775,753.8831648269733
2025-06-13,751.2188720703125,764.3093284000787,752.8062358357972
2025-06-16,761.46435546875,755.6929273375409,749.8087325882967
2025-06-17,764.8628540039062,753.1614750334196,748.518487025568
2025-06-18,762.7138061523438,755.369092262593,747.9425364265724
2025-06-19,746.0211181640625,756.6739679815543,746.7176818903703
2025-06-20,739.07421875,753.5554291903944,744.6208641553101
2025-06-23,734.9760131835938,746.8548384370171,738.947153876442
2025-06-24,764.1132202148438,745.4308390894985,736.9678787864652
2025-06-25,762.3639526367188,748.9282330794308,735.8250573713511
2025-06-26,753.01806640625,751.7419619828414,734.187881548092
2025-06-27,760.5647583007812,750.3653281075636,731.8487531770572
2025-06-30,754.3175048828125,749.7969380677889,726.472851486097
2025-07-01,722.6814575195312,750.6250721038848,724.9460989774218
2025-07-02,745.621337890625,756.3830755153817,724.4159653251322
2025-07-03,761.9141845703125,761.4792334341566,723.559508438667
2025-07-04,754.1675415039062,762.3995532162886,722.1592622131358
2025-07-07,758.8155517578125,768.1418906153398,720.2998487513039
2025-07-08,740.1737670898438,770.7417344003144,720.1093524723236
2025-07-09,788.4024658203125,777.9956259989058,720.9444188950346
2025-07-10,773.0092163085938,784.3217886906156,721.4713365663188
2025-07-11,767.3617553710938,786.1992892434159,721.4470078513032
2025-07-14,783.3047485351562,792.5727106464107,723.3143984812631
2025-07-15,808.5436401367188,794.5399413885079,724.1463056728558
2025-07-16,827.6351928710938,800.6618640914745,725.8420753401156
2025-07-17,825.68603515625,805.3924079234164,727.0640022893012
2025-07-18,808.6935424804688,805.2337483936732,727.5539924431608
2025-07-21,806.594482421875,802.612642379915,729.6833439138854
2025-07-22,788.5524291992188,800.6616981724663,730.1577757075644
2025-07-23,790.8014526367188,802.4041345604869,731.2622588553928
2025-07-24,800.89697265625,802.3788475046911,731.6819351029911
2025-07-25,800.3472290039062,797.1616629373661,731.1715237668793
2025-07-28,789.002197265625,777.8138326089432,729.1940910833468
2025-07-29,806.594482421875,769.9761769013525,728.0032172323604
2025-07-30,805.045166015625,765.7510006647068,727.3240605320324
2025-07-31,811.2924194335938,759.802153870216,725.8860585144779
2025-08-01,778.3069458007812,748.8140372045775,723.4753540095186
2025-08-04,788.9522094726562,713.5891315257542,715.7610748253845
2025-08-05,790.5515747070312,701.1917905514283,712.745330767251
2025-08-06,751.6187133789062,692.8514691048217,710.3189526663407
2025-08-07,736.5253295898438,683.3458485727732,707.2523871385996
2025-08-08,588.5405883789062,669.4476467340867,703.3562355300057
2025-08-11,505.7770690917969,629.5547471351844,692.1441985867621
2025-08-12,514.9730224609375,617.0543039253541,688.3270938004883
2025-08-13,485.8858337402344,609.3186502918875,685.2825976192431
2025-08-14,489.43426513671875,601.1714156625955,681.7998735416679
2025-08-18,528.3670654296875,559.9116483902538,666.9221717879856
2025-08-19,540.0619506835938,552.0541189412826,663.5822463838491
2025-08-20,536.363525390625,549.4006962670305,661.1450778741931
2025-08-21,558.9036865234375,546.7481095513427,658.3997828605411
2025-08-22,563.45166015625,540.8324896942536,655.14276637135
2025-08-25,583.74267578125,529.9121519449612,647.3542698507396
2025-08-26,557.0044555664062,528.2701916382049,645.0883811067457
2025-08-28,541.0115356445312,534.8156256191816,642.0486980566482
2025-08-29,532.8651123046875,534.4481448794154,639.8470104984038
2025-09-01,554.7055053710938,537.5948979461186,634.9278829210664
2025-09-02,560.0531005859375,539.5947944411505,633.4883574099867
2025-09-03,552.956298828125,545.9864265749861,632.8614039115117
2025-09-04,554.7554931640625,551.5566861547195,631.8481476221065
2025-09-05,553.9058837890625,553.0122943952815,630.2321469894016
2025-09-08,551.5068969726562,557.9500356137529,626.5426457164585
2025-09-09,566.00048828125,559.4062352053807,625.3492124091027
2025-09-10,572.0478515625,564.7120364320305,624.882844268376
2025-09-11,569.798828125,568.7593736765034,623.9674329315513
2025-09-12,569.64892578125,568.3485857289115,622.3959262949248
2025-09-15,572.9474487304688,566.0639682590453,618.5193253701385
2025-09-16,569.64892578125,564.8182145722543,617.1853962697688
2025-09-17,568.7992553710938,567.3579078160982,616.5407874472485
2025-09-18,567.1500244140625,568.6962293290796,615.4332335263432
2025-09-19,571.1500244140625,565.731820440839,613.6650612942725
2025-09-22,561.0,557.0346013917729,609.1577436620328
2025-09-23,558.2000122070312,554.2210410181245,607.6212388090545
2025-09-24,544.2999877929688,555.4913638103794,606.7745094874665
2025-09-25,539.75,555.9269084277645,605.4860975564326
2025-09-26,514.6500244140625,552.4659157417567,603.5647351879787
2025-09-29,504.70001220703125,544.3944221092223,598.7238207686639
2025-09-30,502.29998779296875,542.4305577212045,597.1321485781696
2025-10-01,510.8500061035156,544.7791164847063,596.2522285269661
2025-10-03,514.1500244140625,544.6130058063327,593.1069509980321
2025-10-06,517.2000122070312,541.7822883741446,588.6737362281399
2025-10-07,521.25,541.6077555196304,587.3106414937242
2025-10-08,514.7000122070312,545.6485342252441,586.6986157464944
2025-10-09,553.1500244140625,549.0043683545874,585.7446713107685
2025-10-10,585.9500122070312,548.5949753946134,584.2673453983958
2025-10-13,583.75,549.1848522017917,581.3023404443286
2025-10-14,569.0499877929688,549.7221357285352,580.5309954523568
2025-10-15,571.2999877929688,554.2076727806286,580.5471411260831
2025-10-16,568.8499755859375,557.7946301745893,580.2707562738123
2025-10-17,588.25,557.4441848976702,579.5181152952549
2025-10-20,584.0,557.105787837019,578.8693471650353
2025-10-21,583.2000122070312,557.0518031565329,578.8932348246544
2025-10-23,575.75,563.6341254307296,580.1816528845529
2025-10-24,575.9500122070312,562.5331424280938,580.179366117152
2025-10-27,571.9500122070312,560.1047107521716,581.4756747867024
2025-10-28,565.2999877929688,559.4985897084141,582.010625728131
2025-10-29,574.5999755859375,562.7768301752474,583.2193752947928
2025-10-30,573.7999877929688,565.239495997187,584.0350052128883
2025-10-31,570.9500122070312,563.9518231784115,584.2595253395326
2025-11-03,575.9500122070312,561.7074368314176,585.5314373578746
2025-11-04,568.75,561.3796544450129,585.81840392312
2025-11-05,568.75,564.9756145542808,586.6495608712061
2025-11-06,550.0999755859375,567.8221344229856,586.9792369949942
2025-11-07,528.2999877929688,566.9895401723127,586.6190929671903
2025-11-10,532.2999877929688,565.9907499354999,585.5769608729121
2025-11-11,529.2000122070312,565.9428916442977,584.9559948225333
2025-11-12,528.0,569.6663026560644,584.8280333642903
2025-11-13,559.4500122070312,572.5159085028729,584.1834854077691
2025-11-14,578.0999755859375,571.5758585034596,582.857135108955
2025-11-17,580.3499755859375,569.2370188604259,579.1036724125737
2025-11-18,582.9000244140625,568.403179399569,577.7157246424296
2025-11-19,579.7999877929688,571.1464232225857,576.9118608835649
2025-11-20,590.5499877929688,572.8912917153475,575.7176131373042
2025-11-21,591.4000244140625,570.7790580916031,573.9869326913731
2025-11-24,573.9000244140625,564.595283345804,569.9476870177799
2025-11-25,570.3499755859375,562.5032077287115,568.8057316841597
2025-11-26,604.2000122070312,564.0317792034072,568.4137093861572
2025-11-27,585.5,564.7003506575676,567.8125661355747
2025-11-28,590.9000244140625,561.7252849936656,566.854050486076
2025-12-01,592.5,554.3660258506959,566.0309769156756
2025-12-02,587.2000122070312,552.4604663968411,566.2145201632245
2025-12-03,572.0999755859375,554.4614446509479,567.2312778119845
2025-12-04,579.0499877929688,555.949170215608,568.1158271485825
2025-12-05,553.9000244140625,554.1734107571008,568.6975298147707
2025-12-08,529.5999755859375,552.313406883568,572.4785072057082
2025-12-09,556.4500122070312,552.7886563197018,574.1018208320723
2025-12-10,540.1500244140625,557.3380842758827,576.4536993107004
2025-12-11,548.2000122070312,561.5406407192748,578.5591424471148
2025-12-12,567.0999755859375,562.6195044775328,580.2254263115959
2025-12-15,564.75,569.2491134803979,586.1538277132438
2025-12-16,570.9500122070312,572.2984800286333,588.0698747031475
2025-12-17,563.75,579.136551505906,590.4708959128568
2025-12-18,566.3499755859375,585.3251027499361,592.3913520100172
2025-12-19,582.0,588.0558069186828,593.6376037199431
2025-12-22,579.5499877929688,596.8451539462075,596.8418876888448
2025-12-23,576.0,599.5487227946712,597.3902503519594
2025-12-24,581.5999755859375,605.4257382734648,598.2035877821331
2025-12-25,581.5999755859375,610.0800821656079,598.350276513114
2025-12-26,581.0499877929688,610.7389799618377,597.6591325983744
2025-12-29,574.0499877929688,610.0512802671701,594.2246480740457
2025-12-30,562.0499877929688,608.6423146806351,592.3718785223973
2025-12-31,575.2999877929688,609.9827499464869,590.7229578900857
2026-01-01,578.9500122070312,609.7964453911293,588.389853502992
2026-01-02,602.7000122070312,605.4192843234599,585.2305308071449
2026-01-05,630.5999755859375,589.0386174644979,574.6382795112016
2026-01-06,626.5999755859375,582.4991905143518,570.5619008917567
2026-01-07,622.4000244140625,578.8658103791842,566.7930858243357
2026-01-08,608.4000244140625,573.9964227537876,562.4774990906232
2026-01-09,595.7000122070312,565.3369771899004,557.49030180373
